1,,"[-0.09424767643213272, 0.05864308401942253, 0.05891502648591995, -0.022169092670083046, -0.08552387356758118, -0.035245832055807114, -0.08268473297357559, -0.10911412537097931, 0.11813603341579437, -0.07751674950122833, 0.26378920674324036, -0.014599956572055817, -0.1865966022014618, -0.07848705351352692, -0.021572455763816833, 0.1723702847957611, -0.09694328904151917, -0.08760190010070801, -0.11576133221387863, -0.028324197977781296, 0.01886562630534172, -0.028688613325357437, 0.07683905959129333, 0.04331712797284126, -0.14637571573257446, -0.3025173246860504, -0.09541281312704086, -0.05527462810277939, 0.0010864015202969313, -0.0993463322520256, -0.056368421763181686, 0.04968622699379921, -0.17110443115234375, -0.02491862326860428, -0.016118435189127922, 0.07832343131303787, -0.06470084190368652, -0.0673619732260704, 0.19925744831562042, 0.008867582306265831, -0.20170056819915771, -0.01861315220594406, 0.012634317390620708, 0.23587384819984436, 0.21247923374176025, 0.04034212604165077, 0.062440577894449234, -0.11824394017457962, 0.05756508558988571, -0.19707778096199036, 0.060405369848012924, 0.10969008505344391, 0.08788089454174042, 0.03296689689159393, -0.0021147208753973246, -0.13533595204353333, -0.0011214008554816246, 0.12415251135826111, -0.1034933552145958, -0.0002485381264705211, 0.040856167674064636, -0.06613367050886154, -0.08408103883266449, -0.12259730696678162, 0.24230369925498962, 0.12680289149284363, -0.13159461319446564, -0.12368816882371902, 0.12379705905914307, -0.11962934583425522, -0.06618332117795944, 0.04913436248898506, -0.16807645559310913, -0.2186041623353958, -0.3634406328201294, 0.030168728902935982, 0.3796766400337219, 0.1256987303495407, -0.20167206227779388, 0.009285585954785347, -0.04551008716225624, 0.004270599223673344, 0.06076180189847946, 0.12725047767162323, -0.07987659424543381, 0.019149174913764, -0.07341980934143066, 0.03060598112642765, 0.2027309387922287, -0.08841092884540558, -0.029065506532788277, 0.17468290030956268, 0.01767089031636715, 0.061168599873781204, -0.01821102388203144, 0.0022256539668887854, -0.03992417827248573, 0.03359271585941315, -0.12473568320274353, 0.012361830100417137, 0.039427660405635834, -0.012762544676661491, 0.030610550194978714, 0.09934141486883163, -0.14005926251411438, 0.1294538378715515, 0.03459703549742699, -0.009936005808413029, 0.051415275782346725, 0.019149694591760635, -0.13925305008888245, -0.12720826268196106, 0.15011392533779144, -0.2077188491821289, 0.13632313907146454, 0.21918196976184845, 0.0927283987402916, 0.11581525206565857, 0.15556550025939941, 0.14097298681735992, -0.011100327596068382, 0.0687495544552803, -0.18204285204410553, 0.03578954190015793, 0.10258574038743973, -0.03344979137182236, 0.0698537528514862, 0.042915452271699905]"
1,,"[-0.1203150600194931, 0.09287738800048828, 0.05174802243709564, -0.0926642045378685, -0.15206700563430786, -0.0077906446531414986, -0.06389456242322922, -0.10151245445013046, 0.13274316489696503, -0.11769196391105652, 0.23842519521713257, -0.08445169031620026, -0.23437705636024475, -0.09554712474346161, -0.09206847846508026, 0.2156907469034195, -0.12188674509525299, -0.12098801881074905, -0.050812724977731705, -0.0055577936582267284, 0.07311359792947769, -0.05472380295395851, 0.02544030360877514, 0.06441037356853485, -0.12285102903842926, -0.36179107427597046, -0.10176805406808853, -0.028635678812861443, -0.03615957498550415, -0.09227551519870758, -0.0781775489449501, 0.08171895891427994, -0.1821548044681549, -0.052296511828899384, -0.022458191961050034, 0.09610561281442642, -0.04368840903043747, -0.06483667343854904, 0.15984779596328735, 0.03176787868142128, -0.1982460916042328, -0.0497182160615921, 0.05788196250796318, 0.2375422716140747, 0.18419870734214783, 0.09045238047838211, 0.06917981058359146, -0.11398421227931976, 0.0693429484963417, -0.21504247188568115, 0.05630773678421974, 0.12180304527282715, 0.05638207495212555, 0.04843859001994133, -0.00923801027238369, -0.1292961984872818, 0.014284646138548851, 0.0933433473110199, -0.10891921818256378, -0.012167368084192276, 0.06783326715230942, -0.09284325689077377, -0.09240467101335526, -0.1299068182706833, 0.2729433476924896, 0.1403011977672577, -0.1059749573469162, -0.1514543741941452, 0.1728021204471588, -0.13269288837909698, -0.08803562819957733, 0.006926807574927807, -0.15678316354751587, -0.1601281464099884, -0.3361029326915741, 0.0211185310035944, 0.35920748114585876, 0.16601327061653137, -0.14832095801830292, 0.01093789841979742, -0.053297318518161774, 0.013951572589576244, 0.08625639975070953, 0.1475326269865036, -0.03782334551215172, 0.035130131989717484, -0.06921803951263428, 0.04254688322544098, 0.19059643149375916, -0.10055918246507645, -0.018255123868584633, 0.2040727734565735, 0.027827465906739235, 0.09014054387807846, -0.01729576662182808, -0.005100075621157885, -0.06343653798103333, 0.06979318708181381, -0.11529456824064255, 0.024051204323768616, 0.06184772774577141, 0.012796085327863693, 0.032484039664268494, 0.1074308231472969, -0.13066039979457855, 0.095342256128788, -0.015610202215611935, 0.013278773985803127, 0.008308324962854385, -0.031171835958957672, -0.13070659339427948, -0.10302745550870895, 0.11491258442401886, -0.18958522379398346, 0.13572712242603302, 0.20676784217357635, 0.07046837359666824, 0.10620411485433578, 0.18251582980155945, 0.10825064778327942, 0.04864737391471863, -0.019315237179398537, -0.18519064784049988, 0.014707202091813087, 0.13386715948581696, -0.055134233087301254, 0.06640463322401047, 0.02906613051891327]"
1,,"[-0.09395592659711838, 0.06712450832128525, 0.03323657438158989, -0.05254824459552765, -0.09128297120332718, -0.04140394181013107, -0.04082205891609192, -0.10724478214979172, 0.157040074467659, -0.0755738914012909, 0.23389925062656403, -0.05537092685699463, -0.21758240461349487, -0.09095890074968338, -0.06523878872394562, 0.183011993765831, -0.13143742084503174, -0.09535913169384003, -0.11544398218393326, 0.005365001503378153, 0.05929247662425041, -0.015169470570981503, 0.05744839459657669, 0.03989643603563309, -0.12852336466312408, -0.34061193466186523, -0.08823054283857346, -0.07033610343933105, -0.017949501052498817, -0.08137524873018265, -0.04470330476760864, 0.07142627239227295, -0.13428662717342377, -0.04666740074753761, -0.0007419006433337927, 0.08515188097953796, -0.0347546823322773, -0.06847487390041351, 0.1880270540714264, 0.014298818074166775, -0.24064315855503082, -0.05559598654508591, 0.03588614985346794, 0.23928874731063843, 0.18549108505249023, 0.07626491039991379, 0.05783626064658165, -0.1290512979030609, 0.08368702232837677, -0.1905766874551773, 0.05893486738204956, 0.11146777868270874, 0.050305020064115524, 0.04750826954841614, 0.018823277205228806, -0.15770643949508667, 0.016015129163861275, 0.10571762919425964, -0.10664727538824081, -0.036657221615314484, 0.05962039530277252, -0.07895527780056, -0.06719712167978287, -0.10609588027000427, 0.22882136702537537, 0.08748602122068405, -0.12011394649744034, -0.11618146300315857, 0.13319319486618042, -0.1220974251627922, -0.05895428732037544, 0.04306323826313019, -0.17277996242046356, -0.19168256223201752, -0.3439323902130127, 0.008625051937997341, 0.3976072669029236, 0.12470459938049316, -0.15372303128242493, -0.005881340242922306, -0.05746535211801529, 0.009926368482410908, 0.09542309492826462, 0.141316756606102, -0.04812626913189888, 0.03477530926465988, -0.09248550236225128, 0.024251196533441544, 0.18182973563671112, -0.10828177630901337, -0.026091739535331726, 0.1747862994670868, 0.008906818926334381, 0.06327927857637405, -0.035833410918712616, 0.004555664956569672, -0.06493637710809708, 0.08164392411708832, -0.10208061337471008, 0.01542665995657444, 0.10135341435670853, 0.015322048217058182, 0.03558804467320442, 0.09464950114488602, -0.1351182907819748, 0.09713482856750488, 0.032225124537944794, 0.008791974745690823, 0.05228172615170479, -0.02697652019560337, -0.1131248027086258, -0.11427480727434158, 0.14561377465724945, -0.1818961352109909, 0.136190727353096, 0.20732852816581726, 0.07699085026979446, 0.1228480264544487, 0.14116030931472778, 0.11497002840042114, 0.0019063031068071723, 0.019542884081602097, -0.20193907618522644, 0.03165779635310173, 0.11666934937238693, -0.006320092361420393, 0.06740346550941467, 0.01797417365014553]"
1,pk,"[-0.1460203230381012, 0.1171141043305397, 0.12873196601867676, 0.009797845035791397, -0.027899054810404778, -0.11057023704051971, -0.03692414611577988, -0.150807186961174, 0.11200540512800217, -0.11280886828899384, 0.27460190653800964, -0.0898871123790741, -0.18665948510169983, -0.10809134691953659, -0.0016203757841140032, 0.17294131219387054, -0.1312323808670044, -0.06617026031017303, -0.061833128333091736, -0.02198590338230133, 0.02586197480559349, -0.05791690945625305, 0.03834395855665207, -0.0029851391445845366, -0.045030731707811356, -0.3818226158618927, -0.15518681704998016, -0.13088911771774292, 0.013449521735310555, -0.025829143822193146, -0.08835802227258682, 0.011060643009841442, -0.18349309265613556, -0.07235993444919586, -0.042935244739055634, 0.06558309495449066, -0.012498619966208935, -0.023094987496733665, 0.16407932341098785, -0.04390512779355049, -0.18367481231689453, 0.00014805333921685815, 0.035395167768001556, 0.16282910108566284, 0.22770583629608154, 0.05459848791360855, 0.04570239782333374, -0.11360720545053482, 0.04203444719314575, -0.10796671360731125, 0.03080160729587078, 0.08483041077852249, 0.11819159239530563, 0.07712852954864502, 0.006251831538975239, -0.12417896091938019, 0.01511438935995102, 0.010214896872639656, -0.12804388999938965, -0.017010750249028206, 0.09274184703826904, -0.12365884333848953, -0.07145070284605026, -0.0003462384338490665, 0.29035821557044983, 0.09433294087648392, -0.10146886110305786, -0.12613922357559204, 0.17870959639549255, -0.15108448266983032, -0.02053818292915821, 0.030349938198924065, -0.14020183682441711, -0.15356317162513733, -0.3166768252849579, 0.06927558034658432, 0.4038485288619995, 0.10593020170927048, -0.1868816763162613, 0.057097140699625015, -0.17041468620300293, -0.039130788296461105, 0.07792946696281433, 0.12272357195615768, -0.027044108137488365, 0.03363868594169617, -0.09730631113052368, -0.009059789590537548, 0.1895303726196289, -0.08385590463876724, -0.014935383573174477, 0.1774613857269287, -0.04569602757692337, 0.10478797554969788, -0.0020549416076391935, -0.029157118871808052, -0.049837540835142136, -0.011216264218091965, -0.09918705374002457, -0.04463280364871025, 0.051232174038887024, -0.06714045256376266, -0.03280530869960785, 0.07330334931612015, -0.19363243877887726, 0.10009981691837311, 0.01619362272322178, 0.015828058123588562, 0.019973520189523697, 0.00013094743189867586, -0.08148393034934998, -0.053688887506723404, 0.14978159964084625, -0.21154160797595978, 0.208458811044693, 0.17938865721225739, 0.025774149224162102, 0.14011907577514648, 0.1348666399717331, 0.11739317327737808, -0.020090170204639435, -0.027941808104515076, -0.18920713663101196, -0.009264141321182251, 0.09140092134475708, 0.008277450688183308, 0.10460508614778519, 0.053942471742630005]"
1,pk,"[-0.08449015766382217, 0.12221701443195343, 0.09742575138807297, -0.016042044386267662, -0.0673871636390686, -0.06884095072746277, -0.0304489117115736, -0.10772909224033356, 0.12974391877651215, -0.08038443326950073, 0.31183627247810364, -0.04148847237229347, -0.193547785282135, -0.12088881433010101, -0.015133692882955074, 0.15972478687763214, -0.10918014496564865, -0.0938875749707222, -0.06282922625541687, -0.018435873091220856, 0.09753552824258804, -0.0116950124502182, 0.008833465166389942, 0.02313227206468582, -0.06935428828001022, -0.33431515097618103, -0.1399979442358017, -0.09241294860839844, 0.061533596366643906, -0.06816690415143967, -0.05266076698899269, 0.05396717041730881, -0.14646057784557343, -0.07246437668800354, -0.0429890938103199, 0.036799583584070206, -0.06674760580062866, -0.06683249771595001, 0.19183455407619476, -0.0441913828253746, -0.21360231935977936, -0.01589708961546421, 0.025148577988147736, 0.21594731509685516, 0.1965651661157608, -0.011555985547602177, 0.058814700692892075, -0.12941601872444153, -0.0061691273003816605, -0.1555163562297821, 0.0750834047794342, 0.1318550407886505, 0.1059148907661438, 0.11306790262460709, -0.006609902251511812, -0.12444035708904266, 0.0073484135791659355, 0.06291475892066956, -0.17054086923599243, -0.0180835984647274, 0.055970076471567154, -0.11597015708684921, -0.10353313386440277, -0.053150441497564316, 0.20442841947078705, 0.13269007205963135, -0.09377212077379227, -0.18121671676635742, 0.14131306111812592, -0.16747677326202393, -0.10648718476295471, 0.06536934524774551, -0.15239067375659943, -0.17569643259048462, -0.3502295911312103, 0.06769732385873795, 0.40293341875076294, 0.12170615047216415, -0.21776928007602692, 0.07340046763420105, -0.06653150916099548, -0.04565482214093208, 0.1251267045736313, 0.13435299694538116, -0.04450513422489166, 0.03996632620692253, -0.09380526095628738, 0.051696423441171646, 0.1441192775964737, -0.10066026449203491, -0.05480046570301056, 0.191128671169281, 0.018432028591632843, 0.09818359464406967, 0.05040999501943588, 0.051773350685834885, 0.024265054613351822, 0.032160598784685135, -0.13754414021968842, -0.003337318077683449, 0.10075192898511887, -0.026430092751979828, -0.030628541484475136, 0.07827814668416977, -0.12440099567174911, 0.14900675415992737, 0.07308487594127655, 0.012617942877113819, 0.02726062759757042, -0.04509444162249565, -0.10540062189102173, -0.06605323404073715, 0.16614879667758942, -0.19112512469291687, 0.18821577727794647, 0.16361434757709503, 0.050454430282115936, 0.13719779253005981, 0.16412250697612762, 0.10893840342760086, -0.0018453628290444613, -0.09567390382289886, -0.2113523781299591, 0.03652803972363472, 0.1206275224685669, 0.005723303183913231, 0.07247481495141983, 0.04074018448591232]"
1,pk,"[-0.0937325656414032, 0.06455785781145096, 0.09128517657518387, -0.005060194991528988, -0.12833407521247864, -0.02690635807812214, -0.06374900043010712, -0.06405143439769745, 0.10798466950654984, -0.12905322015285492, 0.2559230923652649, -0.0833406075835228, -0.20770756900310516, -0.08273472636938095, -0.043678488582372665, 0.16709423065185547, -0.10465620458126068, -0.10007920116186142, -0.03629042208194733, -0.006954561453312635, 0.06129227578639984, 0.005114348139613867, 0.03529312461614609, 0.006196135189384222, -0.09488250315189362, -0.40513768792152405, -0.09335774928331375, -0.1100902259349823, 0.016271717846393585, -0.04927978664636612, -0.08968851715326309, 0.04573230445384979, -0.11731386184692383, -0.0290481299161911, -0.0030032063368707895, 0.0949125587940216, -0.02390613593161106, -0.08520200103521347, 0.16889235377311707, -0.04248141869902611, -0.24224349856376648, -0.08295119553804398, 0.027462150901556015, 0.21201694011688232, 0.11809078603982925, 0.03943638131022453, 0.02881121076643467, -0.08906453102827072, 0.06243984401226044, -0.18438072502613068, 0.09059369564056396, 0.11503918468952179, 0.04453529417514801, 0.06312040984630585, 0.022342141717672348, -0.10421711206436157, 0.02564293146133423, 0.08059899508953094, -0.12669433653354645, -0.03078479692339897, 0.05242513120174408, -0.052588656544685364, -0.04512108117341995, -0.12050846964120865, 0.24172177910804749, 0.12177331000566483, -0.08732495456933975, -0.14984261989593506, 0.10253935307264328, -0.17211824655532837, -0.07848967611789703, 0.05147164314985275, -0.15794166922569275, -0.17490658164024353, -0.3023753762245178, 0.025857554748654366, 0.3844504654407501, 0.16024476289749146, -0.16099056601524353, -0.0008002258837223053, -0.03519045561552048, -0.0503506176173687, 0.1364547163248062, 0.12656143307685852, -0.015175526030361652, 0.06788252294063568, -0.09713370352983475, 0.016923492774367332, 0.22037090361118317, -0.1133902296423912, -0.04957231879234314, 0.17183440923690796, -0.020607726648449898, 0.09687623381614685, 0.013471180573105812, -0.004458269104361534, -0.03665836527943611, 0.036302804946899414, -0.12625059485435486, -0.0031822158489376307, 0.10084448009729385, -0.03366631269454956, -0.03784829005599022, 0.08693166077136993, -0.15433402359485626, 0.09342395514249802, 0.008104019798338413, -0.0015712091699242592, 0.05712191015481949, -0.027005774900317192, -0.14204198122024536, -0.08726144582033157, 0.18188263475894928, -0.14265578985214233, 0.16518911719322205, 0.17293061316013336, 0.11279058456420898, 0.142896831035614, 0.15731103718280792, 0.0661063864827156, -0.0078241853043437, -0.06880583614110947, -0.21717508137226105, -0.006673497147858143, 0.12198394536972046, -0.02933136187493801, 0.061500903218984604, 0.008760310709476471]"
1,pk,"[-0.1250254213809967, 0.12835195660591125, 0.07858212292194366, 0.0009663226082921028, -0.11499443650245667, -0.04056767374277115, -0.08148549497127533, -0.07074940204620361, 0.08761052787303925, -0.06804835796356201, 0.2387411892414093, -0.0714927390217781, -0.18307684361934662, -0.043709125369787216, -0.03179865702986717, 0.17734897136688232, -0.1463281661272049, -0.05699576810002327, -0.08775633573532104, 0.014307895675301552, 0.0910218209028244, 0.01149520743638277, 0.020680829882621765, 0.009159313514828682, -0.11584649235010147, -0.33973637223243713, -0.12982361018657684, -0.08566045016050339, -0.00288227922283113, -0.07257068157196045, -0.04542927071452141, 0.06399136781692505, -0.15251405537128448, -0.07435160875320435, -0.0029826443642377853, 0.056229326874017715, -0.05220950394868851, -0.02476787567138672, 0.23543253540992737, 0.010164043866097927, -0.20823507010936737, 0.061702996492385864, 0.06096477434039116, 0.2343471795320511, 0.2358071357011795, 0.0268078800290823, 0.06567466259002686, -0.143837109208107, 0.07539016753435135, -0.17532703280448914, 0.039170511066913605, 0.1411868780851364, 0.13397745788097382, 0.11334618926048279, 0.009657304733991623, -0.10049902647733688, 0.059013884514570236, 0.07843930274248123, -0.17334973812103271, 0.0259193517267704, 0.09073813259601593, -0.11502011865377426, -0.00046932901022955775, -0.01208446267992258, 0.22628286480903625, 0.09569575637578964, -0.08575884997844696, -0.14272859692573547, 0.15031279623508453, -0.13830316066741943, -0.07574862241744995, 0.07028778642416, -0.13544267416000366, -0.17946305871009827, -0.3705970346927643, 0.01576285809278488, 0.41938140988349915, 0.09016299247741699, -0.22223447263240814, 0.026332251727581024, -0.05995790287852287, -0.09711626172065735, 0.10455697029829025, 0.15426704287528992, -0.0752013772726059, -0.03101593255996704, -0.06429892778396606, 0.055244218558073044, 0.2498527616262436, -0.0700279250741005, -0.012245582416653633, 0.2071225643157959, 0.07879064977169037, 0.06650438159704208, 0.059477925300598145, 0.05228452384471893, -0.02783028595149517, -0.02799944020807743, -0.10502320528030396, 0.0320747010409832, -0.0029804441146552563, -0.1058121919631958, -0.02988360822200775, 0.09874603897333145, -0.16635283827781677, 0.15182270109653473, 0.005719621200114489, -0.01888003572821617, -0.05845104157924652, -0.033849772065877914, -0.10188018530607224, -0.011613822542130947, 0.17765848338603973, -0.19488026201725006, 0.16540120542049408, 0.16490137577056885, 0.004930330906063318, 0.11179888248443604, 0.13148990273475647, 0.12331011146306992, -0.03878430649638176, -0.014587080106139183, -0.1821940392255783, -0.0083643002435565, 0.09802258759737015, -0.005735504440963268, 0.10014917701482773, 0.05528958514332771]"
1,pk,"[-0.11612030863761902, 0.06929571181535721, 0.07277087867259979, 0.0054794964380562305, -0.09464102983474731, -0.08790501952171326, -0.04965153709053993, -0.1112494170665741, 0.08836094290018082, -0.10239052027463913, 0.220864400267601, -0.09090981632471085, -0.1827607899904251, -0.07724812626838684, -0.02369384840130806, 0.19338297843933105, -0.14748485386371613, -0.07312803715467453, -0.062312450259923935, -0.04920436814427376, 0.041193123906850815, -0.011260995641350746, 0.030384264886379242, 0.0221579410135746, -0.0959603562951088, -0.3655874729156494, -0.109601691365242, -0.1407242864370346, -0.029190318658947945, 0.016986144706606865, -0.037094034254550934, 0.04939672723412514, -0.1498907506465912, -0.05000019073486328, 0.004268520511686802, 0.05077650398015976, -0.024686114862561226, -0.022529594600200653, 0.21110104024410248, 0.013602430000901222, -0.17799809575080872, -0.0351535938680172, 0.05474419891834259, 0.20643675327301025, 0.2042735069990158, 0.0769069641828537, 0.04759079962968826, -0.08782535046339035, 0.06717653572559357, -0.17809593677520752, 0.05035191774368286, 0.08346085995435715, 0.1031719222664833, 0.051421280950307846, 0.014692192897200584, -0.12240723520517349, 0.04486912116408348, 0.0332656130194664, -0.18175870180130005, -0.00863733235746622, 0.06138006970286369, -0.13064263761043549, -0.07855863869190216, -0.022363757714629173, 0.3167310953140259, 0.1186176985502243, -0.07937639206647873, -0.1115887463092804, 0.18475519120693207, -0.15634144842624664, -0.06413717567920685, 0.019097624346613884, -0.14278370141983032, -0.1526951789855957, -0.35042619705200195, 0.02874257043004036, 0.4213121235370636, 0.12424241006374359, -0.18443168699741364, 0.027714082971215248, -0.08911022543907166, -0.020706214010715485, 0.13581372797489166, 0.11411093920469284, -0.037426356226205826, -0.01312199980020523, -0.08031672984361649, -0.0089568505063653, 0.192645862698555, -0.10749819129705429, -0.06048424541950226, 0.17411929368972778, -0.006023717578500509, 0.0679280236363411, 0.023855529725551605, -0.04641256108880043, -0.044753581285476685, -0.010460874065756798, -0.10400757938623428, -0.043660979717969894, 0.08077047765254974, -0.03380103036761284, 0.01326544675976038, 0.08009540289640427, -0.18291731178760529, 0.07773854583501816, -0.016394855454564095, -0.03320789709687233, 0.007868117652833462, -0.01038485486060381, -0.1397470235824585, -0.06861861795186996, 0.1697068214416504, -0.17058661580085754, 0.17730720341205597, 0.16151843965053558, 0.015913918614387512, 0.15456457436084747, 0.1273876428604126, 0.0984279066324234, -0.04097158834338188, -0.014136317186057568, -0.19229507446289062, -0.013972964137792587, 0.12060059607028961, 0.012159687466919422, 0.12265269458293915, 0.047910742461681366]"
1,pk,"[-0.12150052189826965, 0.09110182523727417, 0.12094534933567047, -0.024149419739842415, -0.08432122319936752, -0.09817653894424438, -0.07029025256633759, -0.12557831406593323, 0.08372639864683151, -0.06543195247650146, 0.2884507179260254, -0.09803977608680725, -0.20890766382217407, -0.1091090738773346, -0.023599762469530106, 0.17618311941623688, -0.1347649246454239, -0.07216691225767136, -0.042196519672870636, -0.009445994161069393, 0.0671982690691948, -0.025115085765719414, 0.055328987538814545, 0.02407778799533844, -0.11318717896938324, -0.37990835309028625, -0.12843015789985657, -0.12053875625133514, -0.012091007083654404, -0.016439316794276237, -0.049261901527643204, 0.04804796352982521, -0.14399360120296478, -0.07106464356184006, -0.00542856939136982, 0.03608258441090584, 0.009038085117936134, -0.03578288480639458, 0.17710760235786438, -0.008169939741492271, -0.20601049065589905, -0.00912497378885746, 0.04183436185121536, 0.1848175972700119, 0.15345489978790283, 0.11122579872608185, 0.07843254506587982, -0.12237587571144104, 0.02287927269935608, -0.14658430218696594, 0.07214934378862381, 0.08241558074951172, 0.08209747076034546, 0.028163857758045197, 0.007169227581471205, -0.18285037577152252, 0.010562983341515064, 0.0646369531750679, -0.1631408929824829, -0.0068791513331234455, 0.03370258957147598, -0.08718951046466827, -0.029627613723278046, -0.05231250822544098, 0.28677281737327576, 0.1119334027171135, -0.09344034641981125, -0.0803958997130394, 0.16415412724018097, -0.10250967741012573, -0.04354356974363327, 0.02669140137732029, -0.15861065685749054, -0.15720069408416748, -0.3431086838245392, 0.044738512486219406, 0.42502561211586, 0.07927408814430237, -0.19839373230934143, 0.014125424437224865, -0.10222452133893967, -0.02341633290052414, 0.08244878798723221, 0.10641151666641235, -0.06730949878692627, 0.013362235389649868, -0.0748707577586174, -0.02009986713528633, 0.18401388823986053, -0.09613662958145142, -0.015604153275489807, 0.19633401930332184, -0.006584932096302509, 0.09713923186063766, 0.023622112348675728, -0.028915490955114365, -0.051916565746068954, 0.018556268885731697, -0.08386983722448349, -0.012833395041525364, 0.046300433576107025, -0.05870942398905754, 0.0028577595949172974, 0.08141810446977615, -0.21259550750255585, 0.05425676703453064, 0.031061865389347076, -0.04909811168909073, 0.007715862710028887, 0.02743265964090824, -0.09256304800510406, -0.10522576421499252, 0.1574552059173584, -0.20445996522903442, 0.17819878458976746, 0.2151709794998169, 0.0731055736541748, 0.17640884220600128, 0.13602304458618164, 0.10066724568605423, -0.017720719799399376, -0.013381065800786018, -0.15478113293647766, 0.014687132090330124, 0.1408071517944336, -0.021914716809988022, 0.09763625264167786, 0.05818569287657738]"
1,pk,"[-0.11432406306266785, 0.11414549499750137, 0.09622447937726974, -0.01354968547821045, -0.08875232934951782, -0.016334742307662964, -0.030421163886785507, -0.12637680768966675, 0.08794885873794556, -0.12462347745895386, 0.24557818472385406, -0.07448869943618774, -0.20932045578956604, -0.09477365761995316, -0.009858403354883194, 0.16958214342594147, -0.15223777294158936, -0.08084849268198013, -0.05706508457660675, -0.008915946818888187, 0.07501623779535294, -0.00030423759017139673, 0.0691327229142189, -0.005396238993853331, -0.10043127834796906, -0.3847746253013611, -0.10477510094642639, -0.11842283606529236, 0.028955601155757904, 0.005195722449570894, -0.0745653510093689, 0.0005507362657226622, -0.1683894246816635, -0.027197591960430145, -0.007619595155119896, 0.08591849356889725, -0.04509846866130829, -0.028227759525179863, 0.19459471106529236, -0.024326657876372337, -0.22619736194610596, 0.000384768471121788, 0.06551937013864517, 0.1942903846502304, 0.19396914541721344, 0.07595685124397278, 0.047282494604587555, -0.12713266909122467, 0.06233479082584381, -0.15020377933979034, 0.06714855879545212, 0.06024934723973274, 0.11685895174741745, 0.039626482874155045, 0.04101235419511795, -0.17102214694023132, 0.012718676589429379, 0.02784913219511509, -0.11248000711202621, 0.0011918885866180062, 0.08464467525482178, -0.09955421835184097, -0.010827724821865559, -0.05635514855384827, 0.28762876987457275, 0.06036399304866791, -0.09971676766872406, -0.12204344570636749, 0.14240677654743195, -0.1580740213394165, -0.0399356447160244, 0.07160507142543793, -0.13192419707775116, -0.15359872579574585, -0.3459981381893158, 0.030459849163889885, 0.4415907859802246, 0.14333543181419373, -0.1753886640071869, -0.01215557474642992, -0.06564077734947205, -0.01880774460732937, 0.15733833611011505, 0.154506117105484, -0.06266780197620392, 0.035479266196489334, -0.10812173038721085, 0.008620663546025753, 0.22234182059764862, -0.11259228736162186, -0.05403366684913635, 0.18673045933246613, 0.003214319935068488, 0.12907232344150543, 0.00014641653979197145, -0.05438314005732536, -0.06704689562320709, 0.014246870763599873, -0.1390058398246765, -0.004852938465774059, 0.006243013311177492, -0.05819690227508545, -0.0010986514389514923, 0.103486068546772, -0.16297774016857147, 0.06393890082836151, -0.004389520734548569, -0.03261158615350723, -0.006354930344969034, 0.0035796535667032003, -0.1535826176404953, -0.059522539377212524, 0.14913105964660645, -0.20363843441009521, 0.1595117747783661, 0.19770248234272003, 0.06645404547452927, 0.13959191739559174, 0.18920715153217316, 0.08944341540336609, -0.010318992659449577, -0.001961957663297653, -0.2181454598903656, 0.011680361814796925, 0.13048823177814484, -0.038643207401037216, 0.14439977705478668, 0.03256326913833618]"
1,pk,"[-0.14873354136943817, 0.1036560982465744, 0.11606328189373016, -0.004676782991737127, -0.08420231938362122, -0.0532713457942009, -0.023183025419712067, -0.1356496661901474, 0.060725826770067215, -0.11633733659982681, 0.23132088780403137, -0.16942763328552246, -0.22667548060417175, -0.08542238920927048, -0.04122729226946831, 0.1813889443874359, -0.14669328927993774, -0.09065123647451401, -0.05700840428471565, -0.011035081930458546, 0.058257706463336945, -0.03113636001944542, -0.005395567510277033, 0.04100077971816063, -0.03701798990368843, -0.3721229135990143, -0.10169746726751328, -0.144175723195076, -0.003952810540795326, -0.011129903607070446, -0.09746716171503067, 0.03852374851703644, -0.1757633090019226, -0.05546417459845543, -0.04389839246869087, 0.05969841033220291, -0.013820757158100605, -0.026182914152741432, 0.16689954698085785, -0.05454809591174126, -0.17721247673034668, -0.005981783382594585, 0.08611839264631271, 0.17214354872703552, 0.18900009989738464, 0.09212173521518707, 0.014881441369652748, -0.09867684543132782, 0.034879062324762344, -0.1836133897304535, 0.024434497579932213, 0.09770699590444565, 0.11837759613990784, 0.05040835961699486, 0.019549090415239334, -0.19918058812618256, -0.012753304094076157, -0.00023675542615819722, -0.15819087624549866, 0.0174266304820776, 0.042775221168994904, -0.0896885022521019, -0.08101361244916916, -0.06413006037473679, 0.303229421377182, 0.11818987131118774, -0.09706918895244598, -0.1186203584074974, 0.20010121166706085, -0.17368409037590027, -0.01147505547851324, 0.04500764608383179, -0.1281617432832718, -0.15534447133541107, -0.2809121906757355, 0.054962288588285446, 0.3708111643791199, 0.10874110460281372, -0.19538214802742004, 0.021694399416446686, -0.10166407376527786, -0.030692774802446365, 0.10727279633283615, 0.11454755067825317, -0.019039981067180634, 0.0018254459137097, -0.07974375039339066, -0.017104625701904297, 0.1541675329208374, -0.11039526760578156, 0.007015847600996494, 0.1970595419406891, -0.014536062255501747, 0.04790663719177246, 0.007544635329395533, -0.04348331689834595, -0.047202467918395996, 0.001999516738578677, -0.1311805695295334, -0.00609630299732089, 0.03953051194548607, -0.0722770094871521, -0.03162548318505287, 0.06784171611070633, -0.16880200803279877, 0.028049254789948463, -0.016363028436899185, -0.03642797842621803, -0.010715140961110592, -0.04115549847483635, -0.12434329837560654, -0.0553339421749115, 0.1791282743215561, -0.21346841752529144, 0.16750113666057587, 0.17033782601356506, 0.0040319208055734634, 0.14390592277050018, 0.12786833941936493, 0.11951743811368942, 0.013385607860982418, -0.03189832344651222, -0.21158257126808167, -0.015755727887153625, 0.14997175335884094, -0.035285573452711105, 0.04579770565032959, 0.033350713551044464]"
1,pk,"[-0.16591757535934448, 0.09313999861478806, 0.10162316262722015, 0.02022622898221016, -0.04370502009987831, -0.0729653611779213, 0.010205895639955997, -0.08605854213237762, 0.04938498139381409, -0.06274108588695526, 0.24960428476333618, -0.0915568545460701, -0.1961236298084259, -0.13342872262001038, 0.014692453667521477, 0.16355977952480316, -0.07756989449262619, -0.09417874366044998, -0.10370421409606934, -0.03254474326968193, 0.033493779599666595, -0.004341678228229284, 0.021878967061638832, 0.009098201058804989, -0.09944780170917511, -0.32088392972946167, -0.09406446665525436, -0.12133242934942245, -0.008168449625372887, -0.05759984254837036, -0.06735725700855255, 0.03176575526595116, -0.2399192899465561, -0.09863954782485962, -0.03616683930158615, 0.029751142486929893, 0.031188195571303368, 0.012157104909420013, 0.15363560616970062, 0.005598473362624645, -0.1638588160276413, 0.0010924290399998426, 0.04364287480711937, 0.23065002262592316, 0.20612572133541107, 0.053597670048475266, 0.00924741756170988, -0.06756250560283661, 0.0009831018978729844, -0.17097263038158417, 0.05116117745637894, 0.03959180787205696, 0.1608487218618393, 0.04300457984209061, -0.04993593320250511, -0.10556881874799728, -0.019252296537160873, 0.013262135908007622, -0.1440230756998062, 0.007594566326588392, 0.05202645808458328, -0.093113474547863, -0.11605215072631836, -0.056565724313259125, 0.2613803744316101, 0.07443489879369736, -0.09083317965269089, -0.09008897840976715, 0.16655607521533966, -0.13754484057426453, -0.012125667184591293, 0.0547480545938015, -0.1266343742609024, -0.11627822369337082, -0.3545302450656891, 0.0814221203327179, 0.3663342297077179, 0.09872182458639145, -0.21577954292297363, -0.024667181074619293, -0.1442684680223465, 0.021376097574830055, 0.024409333243966103, 0.06794264912605286, -0.06781479716300964, 0.03316512703895569, -0.05845966190099716, 0.05514667183160782, 0.17858536541461945, -0.0662565678358078, -0.027554679661989212, 0.19096828997135162, 0.013191972859203815, 0.042804982513189316, 0.001982457935810089, -0.02590118534862995, 0.010462598875164986, -0.06440070271492004, -0.0963137298822403, -0.0232049822807312, 0.048474837094545364, -0.06252463161945343, 0.009111877530813217, 0.14737994968891144, -0.2027023881673813, 0.08339264243841171, 0.0044448161497712135, -0.025011900812387466, 0.039628516882658005, 0.03305559977889061, -0.06495029479265213, -0.10352952778339386, 0.11778824776411057, -0.15410608053207397, 0.1152975857257843, 0.19992001354694366, 0.004589134361594915, 0.0848885029554367, 0.08320920914411545, 0.10975299775600433, -0.04942917078733444, 0.024868113920092583, -0.1875985711812973, -0.008792049251496792, 0.14042437076568604, -0.01485358364880085, 0.0950171947479248, 0.051321037113666534]"
1,pk,"[-0.1328246146440506, 0.09013356268405914, 0.10691945254802704, 0.013203646056354046, -0.11543085426092148, -0.03602561354637146, -0.010753531008958817, -0.09814024716615677, 0.07652855664491653, -0.058235082775354385, 0.2514757215976715, -0.10867329686880112, -0.19499461352825165, -0.08206983655691147, -0.041533954441547394, 0.1754359006881714, -0.12092800438404083, -0.09919814765453339, -0.030623478814959526, 0.0026402384974062443, 0.08928520977497101, -0.017345214262604713, 0.010840038768947124, 0.02135683409869671, -0.09039568901062012, -0.3843485116958618, -0.10379531234502792, -0.11407802999019623, 0.030765704810619354, -0.03447403386235237, -0.06803441792726517, 0.03878036513924599, -0.15911270678043365, -0.04496660828590393, 0.003915798384696245, 0.061547599732875824, -0.013084991835057735, -0.03829265385866165, 0.1697392463684082, -0.026090646162629128, -0.24278868734836578, -0.005430934019386768, 0.0910007432103157, 0.17615167796611786, 0.1674395501613617, 0.11481582373380661, 0.035133615136146545, -0.1338486671447754, 0.01660788618028164, -0.1277477741241455, 0.04943445324897766, 0.08645875751972198, 0.08436792343854904, 0.03543742373585701, -0.005487276241183281, -0.19595849514007568, -0.0042042857967317104, 0.004758282098919153, -0.15388169884681702, -0.008967811241745949, 0.023394152522087097, -0.07562044262886047, -0.03057062439620495, -0.043350640684366226, 0.252750039100647, 0.08465767651796341, -0.06104284152388573, -0.1371690034866333, 0.18754325807094574, -0.1752815544605255, -0.055848803371191025, 0.061972178518772125, -0.13503548502922058, -0.16742581129074097, -0.3278585374355316, 0.0372590608894825, 0.4449045956134796, 0.09690486639738083, -0.17876234650611877, 0.024624545127153397, -0.04155898094177246, -0.03355714678764343, 0.13278156518936157, 0.14008092880249023, -0.06899433583021164, 0.02830667421221733, -0.09337572753429413, -0.010637728497385979, 0.21910029649734497, -0.0906212106347084, -0.03643374517560005, 0.15823136270046234, 0.00040520293987356126, 0.09814877063035965, 0.03152846917510033, -0.022462649270892143, -0.028708020225167274, 0.035738736391067505, -0.14177855849266052, -0.04834267124533653, 0.04234081879258156, -0.04111790284514427, -0.004419652279466391, 0.11284102499485016, -0.18931525945663452, 0.03630617633461952, 0.023027334362268448, -0.05737229064106941, -0.019539348781108856, 0.011326759122312069, -0.12947945296764374, -0.0612320601940155, 0.16190877556800842, -0.18417835235595703, 0.1900891810655594, 0.20576292276382446, 0.07244640588760376, 0.1341652274131775, 0.17871439456939697, 0.07704903930425644, 0.02160453610122204, -0.03585599362850189, -0.1951262503862381, 0.020417548716068268, 0.14070959389209747, -0.056975945830345154, 0.10461705178022385, 0.035069603472948074]"
1,pk,"[-0.1381823569536209, 0.1362658590078354, 0.09926274418830872, -0.02668232098221779, -0.029718777164816856, -0.059549879282712936, 0.012533508241176605, -0.1181674599647522, 0.10236106067895889, -0.05011994019150734, 0.28435611724853516, -0.09588156640529633, -0.19337579607963562, -0.1409367322921753, -0.002671995433047414, 0.19386295974254608, -0.1114354133605957, -0.13112111389636993, -0.07151757180690765, -0.01712711714208126, 0.08745961636304855, -0.003241767408326268, 0.018227962777018547, 0.08056128770112991, -0.12320251017808914, -0.3288203477859497, -0.10948307812213898, -0.1579892635345459, -0.028451241552829742, -0.038094017654657364, -0.08929767459630966, 0.04334606975317001, -0.18946968019008636, -0.07659298181533813, -0.03134943172335625, 0.06562381237745285, 0.027160873636603355, -0.039499472826719284, 0.16327537596225739, -0.017774535343050957, -0.20897690951824188, 0.023729970678687096, 0.0650130957365036, 0.2148105949163437, 0.18518124520778656, 0.024391477927565575, 0.05957146733999252, -0.1014559268951416, -0.016571423038840294, -0.1322597712278366, 0.048067640513181686, 0.07042255252599716, 0.12528516352176666, 0.04842236638069153, -0.04457670450210571, -0.1640750765800476, -0.014758126810193062, 0.03629342094063759, -0.17272593080997467, 0.003377226646989584, 0.05226389318704605, -0.12658530473709106, -0.10042896866798401, -0.05201011896133423, 0.250268816947937, 0.1209486573934555, -0.10195843130350113, -0.11368920654058456, 0.151709645986557, -0.14301568269729614, -0.03553067520260811, 0.07684098929166794, -0.16566714644432068, -0.16154883801937103, -0.32636767625808716, 0.07732696831226349, 0.39237791299819946, 0.09472887217998505, -0.23408925533294678, 0.027766859158873558, -0.10189464688301086, 0.03761229291558266, 0.0943232849240303, 0.11946357041597366, -0.0438137948513031, 0.06171462684869766, -0.10986953973770142, 0.049024298787117004, 0.17977848649024963, -0.07169942557811737, -0.018189772963523865, 0.20681560039520264, -0.002460398944094777, 0.05870605260133743, 0.03207355737686157, 0.010403602384030819, 0.019888734444975853, -0.0026104652788490057, -0.10534057766199112, 0.010699411854147911, 0.044012922793626785, -0.0465548001229763, -0.03013954684138298, 0.0745609849691391, -0.17870542407035828, 0.03416665643453598, 0.029159370809793472, -0.033067040145397186, -0.015770504251122475, -0.007990316487848759, -0.07483164221048355, -0.08432459831237793, 0.16172541677951813, -0.17698116600513458, 0.13164052367210388, 0.19402924180030823, 0.006676083896309137, 0.1302046775817871, 0.12231114506721497, 0.1226947233080864, -0.032736655324697495, -0.05884382128715515, -0.21013081073760986, 0.041672006249427795, 0.1814253330230713, -0.02215639315545559, 0.13115853071212769, 0.03465810790657997]"
1,pk,"[-0.0900844857096672, 0.11499699205160141, 0.09576481580734253, 0.006116432137787342, -0.036963943392038345, -0.11358959972858429, -0.021586738526821136, -0.055659353733062744, 0.15511682629585266, -0.04930388927459717, 0.2618708908557892, -0.08565934002399445, -0.15361620485782623, -0.09259573370218277, 0.10339018702507019, 0.11909749358892441, -0.14694851636886597, -0.06779368966817856, -0.09810279309749603, -0.06278049945831299, 0.024937396869063377, -0.054423876106739044, 0.03783567622303963, 0.07301568984985352, -0.1038079634308815, -0.3217068910598755, -0.12828974425792694, -0.10393837839365005, 0.10625533014535904, -0.08458375185728073, -0.037581197917461395, 0.04012337699532509, -0.18243174254894257, -0.08241260051727295, -0.002996601862832904, 0.08525436371564865, 0.001467124791815877, -0.0681772455573082, 0.18888799846172333, 0.017366603016853333, -0.15195930004119873, -0.03986212983727455, -0.020819898694753647, 0.21787406504154205, 0.18967434763908386, 0.08455576747655869, 0.03160013258457184, -0.03673155978322029, 0.05545225366950035, -0.2150527387857437, 0.06612098962068558, 0.16273507475852966, 0.05726184323430061, 0.04296087101101875, 0.0461186058819294, -0.17447413504123688, 0.01839604042470455, 0.07717275619506836, -0.14818917214870453, -0.003364384872838855, 0.05820852890610695, -0.10555674135684967, -0.09275774657726288, -0.06052154302597046, 0.25164705514907837, 0.1569320261478424, -0.07859749346971512, -0.1378898322582245, 0.1326916664838791, -0.12966342270374298, -0.03773123398423195, 0.04855334013700485, -0.1395546793937683, -0.10197778791189194, -0.32924020290374756, 0.08266504108905792, 0.4273024797439575, 0.09585738182067871, -0.17752496898174286, 0.041702721267938614, -0.1455809623003006, -0.014883400872349739, 0.011806802824139595, 0.08945230394601822, -0.11785902827978134, 0.0030850551556795835, -0.1137017011642456, 0.009546111337840557, 0.11176995933055878, -0.045990630984306335, 0.03942463546991348, 0.16044996678829193, -0.04660023748874664, 0.059848081320524216, -0.01617462746798992, -0.06753629446029663, -0.0912553071975708, -0.024629781022667885, -0.051944997161626816, -0.07241696119308472, 0.11732175201177597, -0.08045902848243713, -0.002235106658190489, 0.135549396276474, -0.27566319704055786, 0.08481790125370026, 0.0054358080960810184, -0.05001476779580116, 0.06712821125984192, 0.052117668092250824, -0.07065313309431076, -0.09248685836791992, 0.15148316323757172, -0.23757505416870117, 0.13974159955978394, 0.2172260284423828, -0.0031338531989604235, 0.13042190670967102, 0.08569235354661942, 0.17751985788345337, -0.036631323397159576, 0.03899529576301575, -0.1481311321258545, -0.001087708747945726, 0.0208194088190794, 0.02810891903936863, -0.025685325264930725, 0.027030901983380318]"
2,pp,"[-0.08899550139904022, 0.08740372955799103, 0.10040771961212158, -0.012814861722290516, -0.11205434054136276, -0.06887185573577881, -0.10013559460639954, -0.10557150840759277, 0.0689532458782196, -0.0736803337931633, 0.2930283546447754, -0.08916960656642914, -0.2268129140138626, -0.10267223417758942, -0.0503675602376461, 0.198800727725029, -0.10740083456039429, -0.10305774956941605, -0.039512716233730316, 0.0030556409619748592, 0.08861809223890305, -0.004232661798596382, 0.06306871771812439, 0.032354455441236496, -0.1409033238887787, -0.3949078321456909, -0.12187112122774124, -0.10531140118837357, -0.059475820511579514, -0.024793526157736778, -0.05556311830878258, 0.08474946022033691, -0.15620842576026917, -0.03654558211565018, 0.0170194860547781, 0.06826619058847427, -0.033689599484205246, -0.061510030180215836, 0.21791520714759827, 0.012567639350891113, -0.2215404361486435, 0.03325450420379639, 0.053542397916316986, 0.21954140067100525, 0.20809975266456604, 0.06405166536569595, 0.08523254841566086, -0.12476366758346558, 0.07137778401374817, -0.18438023328781128, 0.07331416755914688, 0.11623886972665787, 0.09560354053974152, 0.053556833416223526, 0.005006812978535891, -0.1400461047887802, 0.040861934423446655, 0.1020834892988205, -0.19738368690013885, -0.012606596574187279, 0.051763009279966354, -0.11073195189237595, -0.03960451856255531, -0.07564613223075867, 0.23413780331611633, 0.13601000607013702, -0.09704615920782089, -0.11056745052337646, 0.14990513026714325, -0.15109436213970184, -0.055418938398361206, 0.062013208866119385, -0.1826225072145462, -0.19455121457576752, -0.3663497567176819, 0.038410838693380356, 0.42108625173568726, 0.12440408766269684, -0.19336792826652527, 0.0096278740093112, -0.0020130143966525793, 0.001055950648151338, 0.11302424222230911, 0.11670782417058945, -0.06485500931739807, -0.01582542061805725, -0.0983206182718277, 0.018936045467853546, 0.21280696988105774, -0.08674052357673645, -0.0354183167219162, 0.22249802947044373, 0.013852284289896488, 0.09869877249002457, 0.054104603826999664, 0.019702767953276634, -0.0263717919588089, 0.01143789105117321, -0.10768656432628632, 0.04012088105082512, 0.0003308294399175793, -0.06652119010686874, -0.0036071334034204483, 0.06570673733949661, -0.15630894899368286, 0.05933017656207085, -0.019787807017564774, -0.022099167108535767, -0.03013972006738186, -0.01303931139409542, -0.11274220794439316, -0.07319635897874832, 0.13845296204090118, -0.20145805180072784, 0.1531173586845398, 0.1777375042438507, 0.05508741736412048, 0.15665726363658905, 0.1479186862707138, 0.10944496095180511, -0.045108430087566376, -0.05304405465722084, -0.19265000522136688, -0.00015140541654545814, 0.1346559226512909, 0.006437960546463728, 0.1183616891503334, 0.03778237849473953]"
2,pp,"[-0.06145331263542175, 0.15423910319805145, 0.037168242037296295, -0.013540520332753658, -0.03057168424129486, 0.004324140027165413, -0.07668032497167587, -0.06758210808038712, 0.16677457094192505, -0.08221715688705444, 0.2100200653076172, -0.009363427758216858, -0.2294773906469345, -0.13806453347206116, -0.05635559931397438, 0.18584902584552765, -0.15446385741233826, -0.1160695031285286, -0.04416797310113907, -0.011193030513823032, 0.06277282536029816, -0.030601706355810165, 0.03029760532081127, 0.014644808135926723, -0.10420644283294678, -0.34741127490997314, -0.06434421241283417, -0.08257007598876953, -0.0031332573853433132, -0.07580123096704483, -0.06160031259059906, 0.0948810800909996, -0.13809899985790253, -0.04005812108516693, 0.016725562512874603, 0.06191994249820709, -0.0056653330102562904, -0.011266469024121761, 0.21200500428676605, 0.02610355243086815, -0.19236275553703308, 0.014578314498066902, 0.013362935744225979, 0.2627279460430145, 0.19349531829357147, 0.04210725799202919, 0.04645984619855881, -0.12769962847232819, 0.10865906625986099, -0.13571107387542725, 0.043063391000032425, 0.2018977254629135, 0.08916480839252472, 0.07292095571756363, 0.021395517513155937, -0.11709586530923843, 0.01829983852803707, 0.06367544084787369, -0.08552947640419006, 0.00758897652849555, 0.05644669011235237, -0.0736573338508606, -0.04139037802815437, -0.04548133909702301, 0.22631610929965973, 0.054965581744909286, -0.10195337980985641, -0.1794702708721161, 0.18675482273101807, -0.10148142278194427, -0.08744204044342041, 0.036428842693567276, -0.17891591787338257, -0.1457332819700241, -0.2967393696308136, 0.04480151832103729, 0.350250244140625, 0.12374832481145859, -0.19271977245807648, 0.03940718248486519, -0.08312381058931351, -0.050102293491363525, 0.08314864337444305, 0.17482873797416687, -0.0663682147860527, -0.01287888828665018, -0.05484945327043533, 0.002344573615118861, 0.21523229777812958, -0.03913908824324608, -0.055628612637519836, 0.18520691990852356, 0.017174404114484787, 0.08709751069545746, -0.01641690358519554, -0.033206455409526825, -0.05350456014275551, 0.052904218435287476, -0.14804022014141083, -0.03885503113269806, 0.06418373435735703, -0.04447530210018158, -0.002914411947131157, 0.16395488381385803, -0.14947177469730377, 0.07461760193109512, 0.016569415107369423, 0.05161704123020172, 0.06272181868553162, 0.08115863800048828, -0.13027606904506683, -0.10861187428236008, 0.13504725694656372, -0.1635691076517105, 0.2144656926393509, 0.1850995570421219, 0.11588535457849503, 0.0372001938521862, 0.1719653457403183, 0.1186462864279747, 0.04444460570812225, -0.01406486053019762, -0.18788714706897736, -0.019718468189239502, 0.09566953033208847, -0.006217022892087698, 0.03504611551761627, 0.011303098872303963]"
2,pp,"[-0.07494997978210449, 0.1196058988571167, 0.05753181129693985, -0.011980944313108921, -0.06721250712871552, -0.012040691450238228, -0.05114263668656349, -0.047713324427604675, 0.15738986432552338, -0.07120964676141739, 0.20542645454406738, -0.0516437292098999, -0.21707339584827423, -0.12668752670288086, -0.05089865252375603, 0.21798467636108398, -0.12901470065116882, -0.12541483342647552, -0.06697998195886612, -0.013852651230990887, 0.07540479302406311, -0.04219165816903114, -0.0006052899407222867, 0.02140766568481922, -0.09694374352693558, -0.3621009886264801, -0.07246479392051697, -0.052822813391685486, 0.024532916024327278, -0.11044672131538391, -0.06012560799717903, 0.0773070901632309, -0.16982164978981018, -0.07970889657735825, -0.008350168354809284, 0.05489217862486839, -0.019330278038978577, -0.06285572052001953, 0.1947612464427948, 0.02931971661746502, -0.20284387469291687, -0.005199659150093794, 0.027447685599327087, 0.2602159380912781, 0.1976863294839859, 0.05939086899161339, 0.059154827147722244, -0.10287027806043625, 0.08550884574651718, -0.1404844969511032, 0.013033882714807987, 0.15941278636455536, 0.08386165648698807, 0.08066827058792114, 0.01002492569386959, -0.10148078203201294, 0.033829547464847565, 0.05779074877500534, -0.10405240207910538, 0.0071086157113313675, 0.06010105833411217, -0.10000603646039963, -0.027205057442188263, -0.05919435992836952, 0.23916231095790863, 0.01970481686294079, -0.06556856632232666, -0.15079541504383087, 0.20142069458961487, -0.1023375615477562, -0.06541605293750763, 0.008176757022738457, -0.15218496322631836, -0.14238405227661133, -0.3092060685157776, 0.03872207552194595, 0.3729022741317749, 0.12228325009346008, -0.1998479664325714, 0.057358529418706894, -0.06152801215648651, -0.040955863893032074, 0.10447540879249573, 0.17166748642921448, -0.026098379865288734, 0.0021824392024427652, -0.07134659588336945, 0.009845772758126259, 0.22776782512664795, -0.060624733567237854, -0.022662511095404625, 0.17057423293590546, 0.029536105692386627, 0.052624400705099106, 0.0025366521440446377, -0.03496428579092026, -0.05520414561033249, 0.06945715099573135, -0.11620344966650009, -0.02334984578192234, 0.07081000506877899, -0.03761227801442146, 0.0166491586714983, 0.1286737471818924, -0.12367627769708633, 0.0914170891046524, 0.030289549380540848, 0.0455794595181942, 0.035541433840990067, 0.059502746909856796, -0.12726208567619324, -0.11424009501934052, 0.12711860239505768, -0.1531340479850769, 0.18872042000293732, 0.19831876456737518, 0.0720089003443718, 0.056710135191679, 0.14956149458885193, 0.14761649072170258, 0.03758271411061287, 0.0006558600580319762, -0.16888737678527832, -0.015427661128342152, 0.0938747450709343, -0.009825477376580238, 0.0616915225982666, 0.03660683333873749]"
2,pp,"[-0.07612358033657074, 0.10481347143650055, 0.029348164796829224, -0.03937303647398949, -0.12861937284469604, -0.01917830854654312, -0.06618093699216843, -0.08805479854345322, 0.12940296530723572, -0.09142059087753296, 0.2748025953769684, -0.04488817974925041, -0.215773805975914, -0.09086903929710388, -0.025925833731889725, 0.2000114917755127, -0.1490781009197235, -0.10874269902706146, -0.06501340121030807, -0.0024895358365029097, 0.06599800288677216, 0.008953642100095749, 0.04685669764876366, 0.049681778997182846, -0.10469409078359604, -0.3617422580718994, -0.0940549448132515, -0.09831248223781586, 0.005408046767115593, -0.12349554151296616, -0.05898208171129227, 0.09367959201335907, -0.16525352001190186, -0.05628153309226036, -0.014279133640229702, 0.06389414519071579, -0.062020622193813324, -0.09362132102251053, 0.2015712708234787, 0.009564165025949478, -0.20221999287605286, -0.027828438207507133, 0.03169853240251541, 0.23210619390010834, 0.17408166825771332, 0.008951994590461254, 0.06809811294078827, -0.1376217156648636, 0.08044292777776718, -0.1518213152885437, 0.032853882759809494, 0.1132400780916214, 0.08961993455886841, 0.0500921830534935, -0.013874120078980923, -0.10618337243795395, 0.012103640474379063, 0.09395160526037216, -0.1477033942937851, -0.010619878768920898, 0.06267013400793076, -0.10237251222133636, -0.0887007936835289, -0.11282467842102051, 0.2441132664680481, 0.09873148053884506, -0.09187296777963638, -0.12481588125228882, 0.14287622272968292, -0.11339332908391953, -0.10235721617937088, 0.03288373723626137, -0.16519951820373535, -0.18743012845516205, -0.31768351793289185, 0.019183332100510597, 0.35424813628196716, 0.07941938936710358, -0.1923590451478958, 0.03957977890968323, -0.002234401647001505, -0.03690817207098007, 0.09450796246528625, 0.17572756111621857, -0.05241971090435982, 0.01807440258562565, -0.07673139125108719, 0.061817459762096405, 0.2068975567817688, -0.10952428728342056, -0.010258023627102375, 0.18814679980278015, 0.005386280361562967, 0.0833621695637703, 0.04713849350810051, 0.019721059128642082, -0.02929394505918026, 0.034491878002882004, -0.12205959111452103, 0.025617677718400955, 0.061234571039676666, -0.05311470851302147, -0.033221323043107986, 0.07993756979703903, -0.09402234852313995, 0.07364501804113388, 0.0234150942414999, -0.004133901558816433, 0.03386057913303375, -0.044034089893102646, -0.12575627863407135, -0.12608285248279572, 0.14685681462287903, -0.16786347329616547, 0.1523887664079666, 0.16317373514175415, 0.03542395308613777, 0.12493868172168732, 0.1377173811197281, 0.14704979956150055, -0.02161235362291336, -0.023464960977435112, -0.22266125679016113, 0.021606989204883575, 0.16914887726306915, 0.004469331819564104, 0.056948330253362656, -0.008435569703578949]"
2,pp,"[-0.06628461182117462, 0.08419223129749298, 0.03130899369716644, -0.06286216527223587, -0.15937694907188416, 0.029185030609369278, -0.0780845433473587, -0.11962693184614182, 0.09978757798671722, -0.08791778236627579, 0.26468145847320557, -0.03754028305411339, -0.23558583855628967, -0.08178616315126419, 0.0034141438081860542, 0.1878746896982193, -0.10199400782585144, -0.13143856823444366, -0.06998463720083237, -0.012180681340396404, 0.01664058305323124, 0.0036599449813365936, 0.045039061456918716, 0.041185662150382996, -0.11956026405096054, -0.31933465600013733, -0.10643620789051056, -0.08021541684865952, -0.0032197614200413227, -0.08943561464548111, -0.09991861879825592, 0.04736097902059555, -0.15379714965820312, -0.042699091136455536, 0.015886159613728523, 0.06928765028715134, -0.09649880975484848, -0.11338073015213013, 0.19223591685295105, -0.014109020121395588, -0.19203735888004303, -0.030292293056845665, 0.035157326608896255, 0.21214477717876434, 0.17354971170425415, 0.02020069770514965, 0.08544763922691345, -0.11406230181455612, 0.05326332524418831, -0.16897763311862946, 0.11432995647192001, 0.12582923471927643, 0.0997283011674881, 0.04474518448114395, -0.010444211773574352, -0.13073310256004333, -0.011248982511460781, 0.1359068751335144, -0.12671613693237305, -0.011833824217319489, 0.07253287732601166, -0.04834171012043953, -0.09276481717824936, -0.1418250948190689, 0.23538275063037872, 0.13874435424804688, -0.1139211356639862, -0.14993585646152496, 0.12008091062307358, -0.1142762154340744, -0.11841337382793427, 0.00660795159637928, -0.20299889147281647, -0.19863884150981903, -0.326837956905365, 0.03569459170103073, 0.36096927523612976, 0.11691701412200928, -0.19689437747001648, 0.017879890277981758, 0.007787390612065792, -0.014914516359567642, 0.07759548723697662, 0.1418650597333908, -0.03959415853023529, 0.003546062856912613, -0.06173517554998398, 0.04632404074072838, 0.19734245538711548, -0.12450076639652252, -0.023507023230195045, 0.1761447936296463, 0.013869334012269974, 0.04966893419623375, 0.03123113512992859, 0.04680078476667404, 0.0002288930700160563, 0.031520143151283264, -0.09806869924068451, 0.03842568024992943, 0.04233678802847862, -0.04194571450352669, -0.00868445448577404, 0.10983531177043915, -0.12633116543293, 0.11726747453212738, 0.018303794786334038, 0.003960425034165382, 0.02686266414821148, -0.042633794248104095, -0.12015046179294586, -0.12778237462043762, 0.15151725709438324, -0.2013152539730072, 0.12428464740514755, 0.1823931336402893, 0.04048013314604759, 0.12522128224372864, 0.1253170222043991, 0.14380033314228058, 0.01122408639639616, 0.003275445196777582, -0.2323233187198639, -0.007264886982738972, 0.13874498009681702, 0.001538299024105072, 0.050119057297706604, 0.05403716862201691]"
2,pp,"[-0.10807325690984726, 0.13038083910942078, 0.058257848024368286, -0.03818906098604202, -0.12551349401474, -0.042192328721284866, -0.07713297754526138, -0.07952972501516342, 0.09433169662952423, -0.07986915111541748, 0.18792279064655304, -0.009898362681269646, -0.17573833465576172, -0.05945852771401405, -0.003493270603939891, 0.14088615775108337, -0.11228585988283157, -0.08413692563772202, -0.13631141185760498, -0.0687924176454544, 0.08387013524770737, 0.04269339144229889, 0.05111724138259888, -0.005519590340554714, -0.11708573997020721, -0.38491177558898926, -0.09000091999769211, -0.06331761926412582, 0.057828426361083984, -0.04649448022246361, -0.053437311202287674, 0.01226327195763588, -0.1828872114419937, -0.03093760274350643, -0.01674542762339115, 0.11552789062261581, -0.08551713079214096, -0.10771727561950684, 0.19923904538154602, 0.029032446444034576, -0.20164421200752258, 0.023419346660375595, 0.0807483121752739, 0.1990801990032196, 0.21929579973220825, 0.03610748425126076, 0.10600107163190842, -0.1199764758348465, 0.08733166009187698, -0.15751996636390686, 0.12426401674747467, 0.13269902765750885, 0.11006271094083786, 0.07759155333042145, 0.09285661578178406, -0.11931305378675461, 0.01837739534676075, 0.10393504053354263, -0.11982085555791855, -0.0023668149951845407, 0.09591357409954071, -0.07053116708993912, -0.09629518538713455, -0.10343647003173828, 0.20895947515964508, 0.13538263738155365, -0.08899196982383728, -0.11126435548067093, 0.12468308210372925, -0.14156843721866608, -0.10400208085775375, 0.019149135798215866, -0.12822657823562622, -0.1302463859319687, -0.35849452018737793, 0.06336342543363571, 0.38127100467681885, 0.13879327476024628, -0.16579319536685944, -0.0008310650009661913, -0.023527873679995537, -0.02706059068441391, 0.1260325312614441, 0.12332113832235336, -0.11717846244573593, -0.029727106913924217, -0.08118026703596115, 0.08320268243551254, 0.20893903076648712, -0.05147596448659897, -0.03469046577811241, 0.14668506383895874, 0.04200108349323273, 0.058201104402542114, -0.014440806582570076, 0.04447954520583153, -0.10642027854919434, -0.0006315279169939458, -0.08639179915189743, 0.008374552242457867, 0.11298952251672745, -0.07362750917673111, -0.03032044880092144, 0.10413508117198944, -0.16274553537368774, 0.08889486640691757, 0.0038762979675084352, -0.03379936143755913, 0.0365016795694828, -0.042995553463697433, -0.1359943300485611, -0.04950236901640892, 0.11929921060800552, -0.1587642878293991, 0.17561125755310059, 0.1847793459892273, -0.010049751959741116, 0.13756734132766724, 0.18231220543384552, 0.1208285242319107, -0.0045934817753732204, -0.019680770114064217, -0.21019160747528076, -0.03813264146447182, 0.09309422224760056, 0.036734990775585175, 0.06932677328586578, 0.053122688084840775]"
2,pp,"[-0.05531182885169983, 0.0927615761756897, 0.06106765940785408, -0.01802077703177929, -0.06332647055387497, -0.04238295555114746, -0.09172962605953217, -0.13673047721385956, 0.13220813870429993, -0.14623168110847473, 0.28347277641296387, -0.07424242794513702, -0.2196662276983261, -0.09548599272966385, -0.03291764110326767, 0.21097779273986816, -0.1490691751241684, -0.09728330373764038, -0.0522947795689106, -0.03592275083065033, 0.0683131068944931, -0.012446856126189232, 0.03213075175881386, 0.08912014216184616, -0.12423314154148102, -0.37455034255981445, -0.10655166208744049, -0.054588183760643005, -0.0167426485568285, -0.09143738448619843, -0.08499805629253387, 0.08807458728551865, -0.13228748738765717, -0.01949075423181057, 0.004400727339088917, 0.1170569583773613, -0.018082009628415108, -0.08966289460659027, 0.21781925857067108, -0.004019982181489468, -0.2191600203514099, -0.010869770310819149, 0.037889059633016586, 0.2197270393371582, 0.16590209305286407, 0.034755073487758636, 0.05790606513619423, -0.11171869188547134, 0.08825492113828659, -0.16232329607009888, 0.0786752924323082, 0.1398022174835205, 0.043863847851753235, 0.06007067486643791, 0.004089388996362686, -0.1575632095336914, -0.005793708376586437, 0.12937158346176147, -0.15277761220932007, -0.0414593480527401, 0.06338164210319519, -0.11894460022449493, -0.036041922867298126, -0.065071702003479, 0.21783587336540222, 0.1583915501832962, -0.09462015330791473, -0.18037422001361847, 0.15903672575950623, -0.1591511368751526, -0.09244301170110703, 0.024146793410182, -0.17646530270576477, -0.1744401752948761, -0.37559518218040466, 0.043424736708402634, 0.3968279957771301, 0.1364523470401764, -0.13755187392234802, 0.049058377742767334, -0.007913023233413696, -0.03901016712188721, 0.1260916292667389, 0.16116183996200562, -0.03377074748277664, 0.010647587478160858, -0.07029227912425995, 0.06598036736249924, 0.17546574771404266, -0.023210089653730392, -0.06082583963871002, 0.18397308886051178, -0.02277279831469059, 0.0940280631184578, 0.018370583653450012, 0.014422515407204628, -0.060457922518253326, 0.06188707798719406, -0.11529947817325592, 0.034391287714242935, 0.04283161088824272, 0.006721047684550285, 0.022196078673005104, 0.13156867027282715, -0.14532199501991272, 0.09218264371156693, -0.010923555120825768, -0.0017634505638852715, 0.03818751499056816, 0.04664759710431099, -0.14730341732501984, -0.09661233425140381, 0.13187137246131897, -0.22963778674602509, 0.14474992454051971, 0.1788519024848938, 0.09571225941181183, 0.13053098320960999, 0.14513471722602844, 0.12517301738262177, 0.03094659000635147, -0.0447721853852272, -0.2518640160560608, 0.01684454269707203, 0.11883188784122467, -0.0027395773213356733, 0.09071574360132217, 0.03535054996609688]"
2,pp,"[-0.16423271596431732, 0.09264357388019562, 0.061900362372398376, -0.039500366896390915, -0.08845016360282898, -0.0455654114484787, -0.015276026912033558, -0.01206669770181179, 0.08947908133268356, -0.07996015250682831, 0.24270518124103546, -0.05176319181919098, -0.18923094868659973, -0.09839524328708649, -0.020870111882686615, 0.1336129754781723, -0.14493156969547272, -0.12134730070829391, -0.04970685765147209, -0.1207178607583046, 0.06818148493766785, -0.0188326183706522, -0.049143169075250626, 0.08377502113580704, -0.1326587200164795, -0.3170522451400757, -0.03760094568133354, -0.11566609889268875, 0.024066710844635963, -0.1120525598526001, 0.011225554160773754, 0.08968745917081833, -0.17382946610450745, -0.02054780349135399, -0.061726149171590805, 0.07146851718425751, 0.04605342820286751, 0.0033968391362577677, 0.16404972970485687, 0.005149951670318842, -0.17393922805786133, -0.060030627995729446, 0.02557537704706192, 0.29773399233818054, 0.16931673884391785, 0.017389263957738876, 0.004039950668811798, 0.017425352707505226, 0.009465906769037247, -0.2357325404882431, 0.05214148387312889, 0.15062223374843597, 0.039775002747774124, 0.07138676196336746, -0.0022358703427016735, -0.14319229125976562, -0.014723324216902256, 0.04959005489945412, -0.12778019905090332, 0.030353974550962448, 0.007833299227058887, -0.11962755769491196, -0.059737276285886765, -0.08352804183959961, 0.26533156633377075, 0.10591081529855728, -0.08776302635669708, -0.12286069989204407, 0.1938202679157257, -0.1412891000509262, -0.08634673804044724, 0.056761711835861206, -0.12993401288986206, -0.128447487950325, -0.2921551465988159, 0.12149379402399063, 0.377069354057312, 0.17465437948703766, -0.1722087562084198, 0.0468604676425457, -0.11547110229730606, -0.031463928520679474, 0.08944246172904968, 0.08257821202278137, -0.035608306527137756, 0.028079699724912643, -0.0643819198012352, 0.07734464854001999, 0.1564355343580246, 0.0038692147936671972, -0.05970336124300957, 0.17987269163131714, -0.0014996316749602556, 0.028418412432074547, 0.032433103770017624, 5.801674706162885e-05, -0.021639080718159676, 0.012569394893944263, -0.1192157194018364, -0.008235474117100239, 0.08681150525808334, -0.08280977606773376, -0.002900240710005164, 0.12004430592060089, -0.16735360026359558, 0.10824132710695267, 0.026124048978090286, -0.007089016027748585, -0.014871957711875439, 0.08256413787603378, -0.10399743169546127, -0.05194046348333359, 0.1622307449579239, -0.1858479529619217, 0.2139420062303543, 0.21193569898605347, 0.08053994178771973, 0.14128635823726654, 0.12370038032531738, 0.0745801106095314, 0.013374223373830318, -0.07373325526714325, -0.14850786328315735, -0.01601235195994377, 0.08489951491355896, -0.039828620851039886, 0.04866614565253258, 0.06106894835829735]"
2,pp,"[-0.047367632389068604, 0.07923227548599243, 0.07819616049528122, -0.018445812165737152, -0.04737451300024986, -0.06015023589134216, -0.0368930846452713, -0.1225009560585022, 0.13640810549259186, -0.11411935091018677, 0.28393325209617615, -0.07756242156028748, -0.18669487535953522, -0.10498439520597458, -0.01912957988679409, 0.18048426508903503, -0.15796664357185364, -0.09367091208696365, -0.0450422503054142, -0.032193586230278015, 0.038134489208459854, -0.049110136926174164, 0.07062453031539917, 0.07120195031166077, -0.09788599610328674, -0.3427591323852539, -0.12094788253307343, -0.1105450764298439, 0.010406375862658024, -0.08725666254758835, -0.026423273608088493, 0.09433349967002869, -0.14153335988521576, -0.017276566475629807, -0.025427302345633507, 0.06803826987743378, -0.024664588272571564, -0.07013999670743942, 0.23952147364616394, -0.0102442791685462, -0.1865750104188919, -0.04505704343318939, 0.019843436777591705, 0.24378575384616852, 0.1792214810848236, 0.01745801419019699, 0.05807692930102348, -0.11226516962051392, 0.04587102681398392, -0.1569945067167282, 0.07987141609191895, 0.1310097873210907, 0.062361761927604675, 0.05685674399137497, -0.03434959799051285, -0.13026228547096252, 0.013166782446205616, 0.07822676002979279, -0.1283787190914154, 0.0042985472828149796, 0.0908043161034584, -0.12379663437604904, -0.07552426308393478, -0.046434011310338974, 0.2455885410308838, 0.11751113831996918, -0.10361138731241226, -0.14575259387493134, 0.1639796942472458, -0.1367449313402176, -0.06307292729616165, 0.042165178805589676, -0.19113890826702118, -0.17104041576385498, -0.3166831135749817, 0.0463956743478775, 0.40972939133644104, 0.10168399661779404, -0.1557133048772812, 0.025057386606931686, -0.08880583196878433, -0.03455052897334099, 0.09207204729318619, 0.1851617395877838, -0.026192814111709595, -0.012212159112095833, -0.08487804979085922, 0.07281579077243805, 0.15474770963191986, -0.09421434998512268, -0.03726857155561447, 0.17638681828975677, -0.017231978476047516, 0.06978903710842133, -0.020937960594892502, -0.01737096533179283, -0.027581490576267242, 0.0849168673157692, -0.11974236369132996, 0.020495694130659103, 0.045598771423101425, -0.0005276508745737374, 0.00039836784708313644, 0.1077171042561531, -0.15615366399288177, 0.09722498804330826, 0.034420620650053024, -0.02954450622200966, 0.06711021065711975, 0.008450059220194817, -0.12027823179960251, -0.12792038917541504, 0.16049177944660187, -0.19653058052062988, 0.13396912813186646, 0.19215480983257294, 0.10383699834346771, 0.1287410855293274, 0.1193779781460762, 0.1671639382839203, 0.0280753206461668, -0.04178987443447113, -0.2360268533229828, 0.07194797694683075, 0.09223189204931259, 0.0185227170586586, 0.03795532137155533, 0.02536410465836525]"
